name,location,price,capacity,rating,reviews,description
Cold Creek Farm Wedding Venue,"Dawsonville, GA","$4,000 starting price",300 Guests,4.5,34,Ceremony/Reception Outdoor Indoor Clean Up Bar Services.
Carl House,"Auburn, GA","$5,000 starting price",220 Guests,4.8,197,Ceremony/Reception Outdoor Indoor Get Ready Rooms Clean Up.
"The Venue at Sharp Mountain, LLC","Jasper, GA","$26,750 starting price",300 Guests,5.0,34,Ceremony/Reception Outdoor Indoor Get Ready Rooms Clean Up.
Pristine Chapel Lakeside,"Jonesboro, GA","$8,495 starting price",300 Guests,4.7,123,Ceremony/Reception Outdoor Indoor Get Ready Rooms Clean Up.
The Cotton Gin at Mill Creek,"Hiram, GA","$13,000 starting price",200 Guests,5.0,87,Ceremony/Reception Outdoor Indoor Get Ready Rooms Clean Up.
2400 on the River,"Ranger, GA","$11,400 starting price",200 Guests,4.7,21,Ceremony/Reception Outdoor Indoor Get Ready Rooms Clean Up.
St Ives Country Club,"Duluth, GA","$10,000 starting price",200 Guests,5.0,18,Ceremony/Reception Outdoor Indoor Get Ready Rooms Clean Up.
Koury Farms Weddings & Events,"Auburn, GA","$4,500 starting price",200 Guests,5.0,117,Ceremony/Reception Outdoor Indoor Get Ready Rooms Clean Up.
Chateau Elan Winery & Resort,"Braselton, GA",$225 starting price,500 Guests,4.7,133,Ceremony/Reception Outdoor Indoor Get Ready Rooms Clean Up.
Ashton Gardens Atlanta by Walters Wedding Estates,"Buford, GA","$4,000 starting price",300 Guests,4.7,384,Ceremony/Reception Outdoor Indoor Get Ready Rooms Clean Up.
Brick and Ivey,"Marietta, GA","$11,500 starting price",,4.8,25,Clean Up.
Wahoo Grill,"Decatur, GA","$3,000 starting price",250 Guests,4.9,109,Ceremony/Reception Outdoor Indoor Get Ready Rooms Clean Up.
Vecoma at the Yellow River,"Snellville, GA","$2,500 starting price",300 Guests,4.9,292,Ceremony/Reception Outdoor Indoor Get Ready Rooms Clean Up.
The Wimbish House,"Atlanta, GA","$5,050 starting price",250 Guests,4.8,118,Ceremony/Reception Indoor Get Ready Rooms Outside Vendors Event Planner.
CeNita Venue at CeNita Vineyards & Winery,"Cleveland, GA","$3,500 starting price",200 Guests,5.0,63,Ceremony/Reception Outdoor Indoor Get Ready Rooms Accommodations.
Juliette Chapel & Events,"Dahlonega, GA","$2,000 starting price",70 Guests,5.0,94,Ceremony/Reception Outdoor Indoor Get Ready Rooms Clean Up.
The Chapel Athens,"Athens, GA","$3,000 starting price",300 Guests,5.0,12,Ceremony/Reception Outdoor Indoor Get Ready Rooms Clean Up.
Flat Creek Country Club,"Peachtree City, GA","$4,500 starting price",250 Guests,4.9,46,Ceremony/Reception Outdoor Indoor Get Ready Rooms Clean Up.
Hi-Def Events,"Newnan, GA","$2,995 starting price",253 Guests,5.0,10,Ceremony/Reception Outdoor Indoor Get Ready Rooms Clean Up.
Montaluce Winery,"Dahlonega, GA","$16,000 starting price",200 Guests,4.6,48,Ceremony/Reception Outdoor Indoor Get Ready Rooms Clean Up.
Piedmont Room & Piedmont Garden Tent,"Atlanta, GA","$7,000 starting price",350 Guests,4.8,191,Ceremony/Reception Outdoor Indoor Get Ready Rooms Clean Up.
Cherokee Conference Center,"Canton, GA","$4,900 starting price",500 Guests,4.9,8,Ceremony/Reception Outdoor Indoor Get Ready Rooms Clean Up.
The Commerce Club,"Atlanta, GA","$10,000 starting price",200 Guests,4.8,47,Ceremony/Reception Indoor Get Ready Rooms Clean Up Bar Services.
Terminus 330,"Atlanta, GA","$23,000 starting price",250 Guests,4.9,15,Ceremony/Reception Outdoor Indoor Get Ready Rooms Clean Up.
Atlanta National Golf Club,"Alpharetta, GA","$4,000 starting price",180 Guests,4.6,26,Ceremony/Reception Outdoor Indoor Get Ready Rooms Clean Up.
Ivy Hall,"Roswell, GA","$18,000 starting price",300 Guests,4.9,77,Ceremony/Reception Outdoor Indoor Get Ready Rooms Clean Up.
Country Club of Roswell,"Roswell, GA",,250 Guests,4.3,7,Ceremony/Reception Outdoor Indoor Get Ready Rooms Clean Up.
Olde Towne Special Events,"Marietta, GA","$9,950 starting price",200 Guests,5.0,78,Ceremony/Reception Outdoor Indoor Get Ready Rooms Clean Up.
Factory Atlanta,"Atlanta, GA","$5,850 starting price",300 Guests,5.0,15,Ceremony/Reception Outdoor Indoor Get Ready Rooms Outside Vendors.
The Georgia Club,"Statham, GA","$8,850 starting price",300 Guests,4.8,25,Ceremony/Reception Outdoor Indoor Get Ready Rooms Clean Up.
Walnut Hill Farm,"Atlanta, GA","$4,500 starting price",300 Guests,5.0,20,Ceremony/Reception Outdoor Indoor Get Ready Rooms Clean Up.
Journeyman's Hall,"Atlanta, GA","$2,000 starting price",170 Guests,5.0,2,Ceremony/Reception Indoor Get Ready Rooms Clean Up Bar Services.
The Kimpton Shane,"Atlanta, GA","$7,500 starting price",100 Guests,0,0,Ceremony/Reception Indoor Get Ready Rooms Clean Up Bar Services.
Atlanta Botanical Garden,"Atlanta, GA",$650 starting price,250 Guests,4.6,30,Ceremony/Reception Outdoor Indoor Bar Services Wifi.
Hawkesdene,"Atlanta, GA","$15,000 starting price",125 Guests,5.0,159,Ceremony/Reception Outdoor Indoor Get Ready Rooms Clean Up.
Roswell Historic Hall,"Roswell, GA","$8,450 starting price",340 Guests,4.4,78,Ceremony/Reception Outdoor Indoor Get Ready Rooms Clean Up.
Meadows at Mossy Creek,"Cleveland, GA","$6,400 starting price",250 Guests,4.9,27,Ceremony/Reception Outdoor Indoor Get Ready Rooms Accommodations.
Upstairs Atlanta,"Atlanta, GA","$9,000 starting price",,4.8,41,Ceremony/Reception Outdoor Indoor Get Ready Rooms Clean Up.
The Dogwood Barn at G5Ranch,"Milledgeville, GA","$4,900 starting price",300 Guests,5.0,10,Ceremony/Reception Outdoor Indoor Clean Up Accommodations.
TPC Sugarloaf,"Duluth, GA","$14,500 starting price",250 Guests,5.0,55,Ceremony/Reception Outdoor Indoor Get Ready Rooms Clean Up.
Emory Conference Center Hotel,"Atlanta, GA","$12,100 starting price",,4.9,63,Clean Up.
The Cedars Weddings & Events,"Acworth, GA","$9,450 starting price",200 Guests,4.7,67,Ceremony/Reception Outdoor Indoor Clean Up Bar Services.
FORTH Hotel Atlanta,"Atlanta, GA","$25,000 starting price",300 Guests,3.4,1,Ceremony/Reception Outdoor Indoor Clean Up Bar Services.
Beaver Creek Plantation,"Twin City, GA",,300 Guests,5.0,4,Ceremony/Reception Outdoor Indoor Get Ready Rooms Clean Up.
Payne-Corley House,"Duluth, GA",,200 Guests,4.9,210,Ceremony/Reception Outdoor Indoor Get Ready Rooms Clean Up.
Enon Ranch,"Atlanta, GA","$9,500 starting price",299 Guests,5.0,2,Ceremony/Reception Outdoor Indoor Get Ready Rooms Outside Vendors.
Rockin' T Meadows,"Milner, GA",,200 Guests,5.0,53,Ceremony/Reception Outdoor Indoor Get Ready Rooms Clean Up.
The Classic Center,"Athens, GA",,6000 Guests,4.8,8,Ceremony/Reception Indoor Event Planner Event Rentals.
Kimball Hall,"Roswell, GA","$13,250 starting price",200 Guests,4.9,54,Ceremony/Reception Outdoor Indoor Get Ready Rooms Clean Up.
"In The Woods, LLC","Rockmart, GA","$12,500 starting price",250 Guests,5.0,101,Ceremony/Reception Outdoor Indoor Get Ready Rooms Clean Up.
Little River Farms,"Alpharetta, GA",,250 Guests,4.9,75,Ceremony/Reception Outdoor Indoor Get Ready Rooms Clean Up.
